{
"namabot": "Yor Botz",
"owner": "Zens",
"sc": "https://www.nekopoi.care",
"kontak": [
  [ "62895604670507", "Arull", "ᴅᴇᴠᴇʟᴏᴩᴇʀ ʙᴏᴛ", "arulltes@gmail.com", true ],
  [ "0", "WhatsApp", "WhatsApp", "Nothing!", true ]
  ],
 "linkgc": "https://chat.whatsapp.com/",
 "linkig": "https://www.instagram.com/inizenscuy",
 "linkgh": "https://github.com/RaaaGH",
 "deslink": " ",
 "titlink": "Folllow me on Instagram",
 "bodlink": "@inizenscuy",
 "wait": "_*𝐬𝐞𝐝𝐚𝐧𝐠 𝐝𝐢 𝐩𝐫𝐨𝐬𝐞𝐬 ...*_",
 "eror":"_*мααƒ ѕєяνєя тι∂αк ѕтαвιℓ..*_",
 "dtu": "𝑭𝒐𝒍𝒍𝒐𝒘",
 "urlnya": "https://www.instagram.com/inizenscuy",
 "dtc": "𝒄𝒂𝒍𝒍 𝒐𝒘𝒏𝒆𝒓",
 "phn": "+62 895-6046-70507",
 "sa": "╭─",
 "gx": "│✇",
 "gy": "│•",
 "gz": "│",
 "sb": "╰────࿐",
 "kki": "「",
 "kka": "」",
 "petik": "```",
 "benar": "_*Benar✅*_",
 "salah": "_*Salah❌*_",
 "dikit": "dikit lagi, semangat ya :')",
 "images": "https://telegra.ph/file/b31b5f0109ff5bd098704.jpg",
 "wmnya": "ZenssBot ",
 "clg1": "Ciss 📸",
 "clg2": "Arull"
}
